{"cameraMode":{"drawMode":0,"name":"Shaded","section":"Shading Mode"},"sceneLighting":true,"audioPlay":false,"sceneViewState":{"showFog":true,"showMaterialUpdate":false,"showSkybox":true,"showFlares":true,"showImageEffects":true,"showParticleSystems":true},"in2DMode":false,"pivot":{"x":117.13648223876953,"y":320.712890625,"z":85.30682373046875},"rotation":{"x":-0.08716849237680435,"y":-0.02629934251308441,"z":0.002302090637385845,"w":-0.9958451986312866},"size":321.96051025390627,"orthographic":false}